text,sentiment
Complete waste of money.,negative
Regret buying this.,negative
Not worth the money.,negative
This product is amazing!,positive
I'm very satisfied with this purchase.,positive
"I love it, works perfectly.",positive
"Five stars, would buy again.",positive
Exceeded my expectations!,positive
Very disappointed with the quality.,negative
Would not buy again.,negative
Great quality and value for money.,positive
It broke after one use.,negative
Best product I've used in a while.,positive
It doesnâ€™t work as advertised.,negative
"Terrible experience, not recommended.",negative
Highly recommended to everyone.,positive
Absolutely fantastic.,positive
Poor customer support.,negative
The product is awful.,negative
It does exactly what it says.,positive
This product is absolutely amazing! It exceeded all my expectations.,positive
Worst purchase I've ever made. Complete waste of money.,negative
Good quality for the price. Definitely worth it.,positive
Not what I expected at all. Very disappointed with the quality.,negative
Works fine but the battery life could be better.,positive
Terrible customer service. Will never buy from this company again.,negative
Excellent performance and great value for money.,positive
Arrived broken and the packaging was damaged. Poor quality control.,negative
Very easy to use and works perfectly. Highly recommend!,positive
Would not recommend to anyone. Total scam.,negative
"The product is okay, nothing special but gets the job done.",positive
Fake product! Completely different from what was advertised.,negative
Best in its category. Worth every penny!,positive
Stopped working after just 2 days. Very unreliable.,negative
Impressive features and solid build quality.,positive
Difficult to set up and instructions were unclear.,negative
Fast shipping and the product works great!,positive
Overpriced for what you get. Not satisfied at all.,negative
Perfect for my needs. Very happy with this purchase.,positive
Cheap materials used. Fell apart within a week.,negative
User-friendly interface and excellent performance.,positive
False advertising. Product doesn't do what it claims.,negative
Great customer support and the product works flawlessly.,positive
Missing parts when delivered. Very frustrating experience.,negative
Better than I expected. Definitely a good buy.,positive
Poor quality materials. Doesn't last long.,negative
Exactly as described. Very satisfied with my purchase.,positive
Not worth the money. Would not buy again.,negative
Quick delivery and the product is fantastic!,positive
Defective item received. Had to return immediately.,negative
Simple to install and works like a charm.,positive
Complicated setup and poor instructions.,negative
High-quality product that delivers on its promises.,positive
Not durable at all. Broke with normal use.,negative
Excellent value for the price. Highly recommended!,positive
Customer service was rude and unhelpful.,negative
Works perfectly and looks great too!,positive
Product arrived late and was damaged.,negative
Very pleased with this purchase. Does exactly what I need.,positive
Complete waste of time and money. Avoid this product.,negative
Great features and easy to use. Love it!,positive
Not as described. Much smaller than expected.,negative
Reliable and well-made. Worth the investment.,positive
Didn't work right out of the box. Very disappointed.,negative
Perfect fit for my needs. Very happy customer!,positive
Low quality materials. Doesn't match the price.,negative
Fast shipping and excellent packaging. Product is great!,positive
Not functional. Returned immediately.,negative
Exceeded my expectations in every way.,positive
Misleading product description. Not happy.,negative
